{
  "written_at": "2026-04-01T00:00:00Z",
  "columns": {
    "outputs.facts": {
      "mean": 9.5,
      "stddev": 2.5
    },
    "total_tokens": {
      "mean": 1026.1666666666667,
      "stddev": 1549.388795263761
    },
    "prompt_tokens": {
      "mean": 848.6666666666666,
      "stddev": 1299.9185444566217
    },
    "completion_tokens": {
      "mean": 177.5,
      "stddev": 257.8269768662698
    },
    "total_cost": {
      "mean": 0.0027749999999999997,
      "stddev": 0.004748354978305645
    }
  }
}
