{
  "written_at": "2026-04-03T17:48:14Z",
  "columns": {
    "completion_tokens": {
      "mean": 62.5,
      "stddev": 89.68850415620598
    },
    "prompt_tokens": {
      "mean": 375.4166666666667,
      "stddev": 406.67789431222127
    },
    "total_cost": {
      "mean": 0.001662222222222222,
      "stddev": 0.002348496813698204
    },
    "total_tokens": {
      "mean": 437.9166666666667,
      "stddev": 490.31817192739476
    },
    "outputs.facts_loaded": {
      "mean": 4.166666666666667,
      "stddev": 0.37267799624996495
    },
    "outputs.confidence": {
      "mean": 0.9,
      "stddev": 0.0
    },
    "outputs.vector_count": {
      "mean": 1.0,
      "stddev": 0.0
    }
  }
}