{
  "written_at": "2026-04-02T12:09:31Z",
  "columns": {
    "extracted_facts.confidence": {
      "mean": 0.8516959064327485,
      "stddev": 0.00985514593353961
    },
    "extracted_facts.page_ref": {
      "mean": 9.005847953216374,
      "stddev": 6.812868006926727
    },
    "processing_time_ms": {
      "mean": 21678.64,
      "stddev": 52041.55994040148
    },
    "token_count.input": {
      "mean": 230.86,
      "stddev": 270.664368545252
    },
    "token_count.output": {
      "mean": 44.14,
      "stddev": 51.28079952574842
    }
  }
}