{
  "written_at": "2026-04-02T12:09:30Z",
  "columns": {
    "code_refs.line_start": {
      "mean": 7.7407407407407405,
      "stddev": 21.165297580556846
    },
    "code_refs.line_end": {
      "mean": 12.018518518518519,
      "stddev": 28.135578333767782
    },
    "code_refs.confidence": {
      "mean": 0.9114814814814814,
      "stddev": 0.03045381490469883
    }
  }
}