{
  "written_at": "2026-04-01T00:00:00Z",
  "columns": {
    "extracted_facts.confidence": {
      "mean": 0.8392,
      "stddev": 0.09389623452057519
    },
    "extracted_facts.page_ref": {
      "mean": 9.874285714285714,
      "stddev": 9.69277618662897
    },
    "processing_time_ms": {
      "mean": 21678.64,
      "stddev": 52041.55994040148
    },
    "token_count.input": {
      "mean": 230.86,
      "stddev": 270.664368545252
    },
    "token_count.output": {
      "mean": 44.14,
      "stddev": 51.28079952574842
    }
  }
}
